,error,knn__n_neighbors,mean,rca__chunk_size,rca__num_chunks,score1,score10,score2,score3,score4,score5,score6,score7,score8,score9,std,time1,time2,time3,train_mean,train_score1,train_score10,train_score2,train_score3,train_score4,train_score5,train_score6,train_score7,train_score8,train_score9,train_std,technique,dataset
0,"Input contains NaN, infinity or a value too large for dtype('float64').",1,0,1,10,0,0,0,0,0,0,0,0,0,0,0.0,0.008169960975646973,0.163492751121521,0.0011595726013183595,0,0,0,0,0,0,0,0,0,0,0,0.0,stand+RCA+kNN,digits6
1,"Input contains NaN, infinity or a value too large for dtype('float64').",1,0,1,50,0,0,0,0,0,0,0,0,0,0,0.0,0.016339921951293947,0.20834901332855224,0.0020740270614624024,0,0,0,0,0,0,0,0,0,0,0,0.0,stand+RCA+kNN,digits6
2,"Input contains NaN, infinity or a value too large for dtype('float64').",1,0,1,100,0,0,0,0,0,0,0,0,0,0,0.0,0.024509882926940917,0.27062315940856935,0.0034000158309936525,0,0,0,0,0,0,0,0,0,0,0,0.0,stand+RCA+kNN,digits6
3,"Input contains NaN, infinity or a value too large for dtype('float64').",1,0,1,500,0,0,0,0,0,0,0,0,0,0,0.0,0.03267984390258789,0.5415162086486817,0.005361604690551758,0,0,0,0,0,0,0,0,0,0,0,0.0,stand+RCA+kNN,digits6
4,Cascading:low >= high,1,0,1,1000,0,0,0,0,0,0,0,0,0,0,0.0,0.04084980487823486,0.7411684989929199,0.005361604690551758,0,0,0,0,0,0,0,0,0,0,0,0.0,stand+RCA+kNN,digits6
5,"Input contains NaN, infinity or a value too large for dtype('float64').",1,0,2,10,0,0,0,0,0,0,0,0,0,0,0.0,0.04901976585388183,0.7628234148025512,0.007375168800354004,0,0,0,0,0,0,0,0,0,0,0,0.0,stand+RCA+kNN,digits6
6,"Input contains NaN, infinity or a value too large for dtype('float64').",1,0,2,50,0,0,0,0,0,0,0,0,0,0,0.0,0.05718972682952881,0.8148472309112549,0.009291505813598633,0,0,0,0,0,0,0,0,0,0,0,0.0,stand+RCA+kNN,digits6
7,"Input contains NaN, infinity or a value too large for dtype('float64').",1,0,2,100,0,0,0,0,0,0,0,0,0,0,0.0,0.06535968780517579,0.8853313207626343,0.011654114723205567,0,0,0,0,0,0,0,0,0,0,0,0.0,stand+RCA+kNN,digits6
8,Cascading:low >= high,1,0,2,500,0,0,0,0,0,0,0,0,0,0,0.0,0.07352964878082276,0.9569565773010253,0.011654114723205567,0,0,0,0,0,0,0,0,0,0,0,0.0,stand+RCA+kNN,digits6
9,Cascading:low >= high,1,0,2,1000,0,0,0,0,0,0,0,0,0,0,0.0,0.08169960975646973,1.0015480518341064,0.011654114723205567,0,0,0,0,0,0,0,0,0,0,0,0.0,stand+RCA+kNN,digits6
10,"Input contains NaN, infinity or a value too large for dtype('float64').",1,0,3,10,0,0,0,0,0,0,0,0,0,0,0.0,0.0898695707321167,1.0561593770980835,0.012597966194152831,0,0,0,0,0,0,0,0,0,0,0,0.0,stand+RCA+kNN,digits6
11,"Input contains NaN, infinity or a value too large for dtype('float64').",1,0,3,50,0,0,0,0,0,0,0,0,0,0,0.0,0.09803953170776367,1.1044256448745728,0.013696408271789551,0,0,0,0,0,0,0,0,0,0,0,0.0,stand+RCA+kNN,digits6
12,"Input contains NaN, infinity or a value too large for dtype('float64').",1,0,3,100,0,0,0,0,0,0,0,0,0,0,0.0,0.10620949268341065,1.1851519107818604,0.01472303867340088,0,0,0,0,0,0,0,0,0,0,0,0.0,stand+RCA+kNN,digits6
13,Cascading:low >= high,1,0,3,500,0,0,0,0,0,0,0,0,0,0,0.0,0.11437945365905762,1.238761830329895,0.01472303867340088,0,0,0,0,0,0,0,0,0,0,0,0.0,stand+RCA+kNN,digits6
14,Cascading:low >= high,1,0,3,1000,0,0,0,0,0,0,0,0,0,0,0.0,0.12254941463470459,1.2717636823654175,0.01472303867340088,0,0,0,0,0,0,0,0,0,0,0,0.0,stand+RCA+kNN,digits6
15,"Input contains NaN, infinity or a value too large for dtype('float64').",1,0,5,10,0,0,0,0,0,0,0,0,0,0,0.0,0.13071937561035157,1.2945772886276246,0.01574728488922119,0,0,0,0,0,0,0,0,0,0,0,0.0,stand+RCA+kNN,digits6
16,"Input contains NaN, infinity or a value too large for dtype('float64').",1,0,5,50,0,0,0,0,0,0,0,0,0,0,0.0,0.13888933658599853,1.3898354291915893,0.01675758361816406,0,0,0,0,0,0,0,0,0,0,0,0.0,stand+RCA+kNN,digits6
17,"Input contains NaN, infinity or a value too large for dtype('float64').",1,0,5,100,0,0,0,0,0,0,0,0,0,0,0.0,0.1470592975616455,1.4866053104400634,0.017919087409973146,0,0,0,0,0,0,0,0,0,0,0,0.0,stand+RCA+kNN,digits6
18,Cascading:low >= high,1,0,5,500,0,0,0,0,0,0,0,0,0,0,0.0,0.15522925853729247,1.5267228603363037,0.017919087409973146,0,0,0,0,0,0,0,0,0,0,0,0.0,stand+RCA+kNN,digits6
19,Cascading:low >= high,1,0,5,1000,0,0,0,0,0,0,0,0,0,0,0.0,0.16339921951293945,1.543528962135315,0.017919087409973146,0,0,0,0,0,0,0,0,0,0,0,0.0,stand+RCA+kNN,digits6
20,"Input contains NaN, infinity or a value too large for dtype('float64').",1,0,7,10,0,0,0,0,0,0,0,0,0,0,0.0,0.17156918048858644,1.5533783674240111,0.01918926239013672,0,0,0,0,0,0,0,0,0,0,0,0.0,stand+RCA+kNN,digits6
21,"Input contains NaN, infinity or a value too large for dtype('float64').",1,0,7,50,0,0,0,0,0,0,0,0,0,0,0.0,0.1797391414642334,1.6243992567062377,0.020369720458984376,0,0,0,0,0,0,0,0,0,0,0,0.0,stand+RCA+kNN,digits6
22,"Input contains NaN, infinity or a value too large for dtype('float64').",1,0,7,100,0,0,0,0,0,0,0,0,0,0,0.0,0.18790910243988038,1.7446714878082275,0.021562075614929198,0,0,0,0,0,0,0,0,0,0,0,0.0,stand+RCA+kNN,digits6
23,Cascading:low >= high,1,0,7,500,0,0,0,0,0,0,0,0,0,0,0.0,0.19607906341552733,1.7804702281951905,0.021562075614929198,0,0,0,0,0,0,0,0,0,0,0,0.0,stand+RCA+kNN,digits6
24,Cascading:low >= high,1,0,7,1000,0,0,0,0,0,0,0,0,0,0,0.0,0.20424902439117432,1.7998652458190918,0.021562075614929198,0,0,0,0,0,0,0,0,0,0,0,0.0,stand+RCA+kNN,digits6
25,"Input contains NaN, infinity or a value too large for dtype('float64').",1,0,10,10,0,0,0,0,0,0,0,0,0,0,0.0,0.2124189853668213,1.8128105878829956,0.02282271385192871,0,0,0,0,0,0,0,0,0,0,0,0.0,stand+RCA+kNN,digits6
26,"Input contains NaN, infinity or a value too large for dtype('float64').",1,0,10,50,0,0,0,0,0,0,0,0,0,0,0.0,0.22058894634246826,1.8709927082061768,0.02413179874420166,0,0,0,0,0,0,0,0,0,0,0,0.0,stand+RCA+kNN,digits6
27,Cascading:low >= high,1,0,10,100,0,0,0,0,0,0,0,0,0,0,0.0,0.22875890731811524,1.8902438879013062,0.02413179874420166,0,0,0,0,0,0,0,0,0,0,0,0.0,stand+RCA+kNN,digits6
28,Cascading:low >= high,1,0,10,500,0,0,0,0,0,0,0,0,0,0,0.0,0.2369288682937622,1.9025397539138793,0.02413179874420166,0,0,0,0,0,0,0,0,0,0,0,0.0,stand+RCA+kNN,digits6
29,Cascading:low >= high,1,0,10,1000,0,0,0,0,0,0,0,0,0,0,0.0,0.24509882926940918,1.9116368055343629,0.02413179874420166,0,0,0,0,0,0,0,0,0,0,0,0.0,stand+RCA+kNN,digits6
30,"Input contains NaN, infinity or a value too large for dtype('float64').",1,0,16,10,0,0,0,0,0,0,0,0,0,0,0.0,0.25326879024505616,1.9469881534576416,0.025407958030700683,0,0,0,0,0,0,0,0,0,0,0,0.0,stand+RCA+kNN,digits6
31,"Input contains NaN, infinity or a value too large for dtype('float64').",1,0,16,50,0,0,0,0,0,0,0,0,0,0,0.0,0.26143875122070315,1.9746350049972534,0.025743532180786132,0,0,0,0,0,0,0,0,0,0,0,0.0,stand+RCA+kNN,digits6
32,Cascading:low >= high,1,0,16,100,0,0,0,0,0,0,0,0,0,0,0.0,0.2696087121963501,1.9872416496276855,0.025743532180786132,0,0,0,0,0,0,0,0,0,0,0,0.0,stand+RCA+kNN,digits6
33,Cascading:low >= high,1,0,16,500,0,0,0,0,0,0,0,0,0,0,0.0,0.27777867317199706,1.9972132444381714,0.025743532180786132,0,0,0,0,0,0,0,0,0,0,0,0.0,stand+RCA+kNN,digits6
34,Cascading:low >= high,1,0,16,1000,0,0,0,0,0,0,0,0,0,0,0.0,0.28594863414764404,2.003434658050537,0.025743532180786132,0,0,0,0,0,0,0,0,0,0,0,0.0,stand+RCA+kNN,digits6
35,"Input contains NaN, infinity or a value too large for dtype('float64').",1,0,32,10,0,0,0,0,0,0,0,0,0,0,0.0,0.294118595123291,2.027503776550293,0.02704012393951416,0,0,0,0,0,0,0,0,0,0,0,0.0,stand+RCA+kNN,digits6
36,Cascading:low >= high,1,0,32,50,0,0,0,0,0,0,0,0,0,0,0.0,0.302288556098938,2.0415318489074705,0.02704012393951416,0,0,0,0,0,0,0,0,0,0,0,0.0,stand+RCA+kNN,digits6
37,Cascading:low >= high,1,0,32,100,0,0,0,0,0,0,0,0,0,0,0.0,0.31045851707458494,2.0469926834106444,0.02704012393951416,0,0,0,0,0,0,0,0,0,0,0,0.0,stand+RCA+kNN,digits6
38,Cascading:low >= high,1,0,32,500,0,0,0,0,0,0,0,0,0,0,0.0,0.3186284780502319,2.050828695297241,0.02704012393951416,0,0,0,0,0,0,0,0,0,0,0,0.0,stand+RCA+kNN,digits6
39,Cascading:low >= high,1,0,32,1000,0,0,0,0,0,0,0,0,0,0,0.0,0.3267984390258789,2.054669141769409,0.02704012393951416,0,0,0,0,0,0,0,0,0,0,0,0.0,stand+RCA+kNN,digits6
40,"Input contains NaN, infinity or a value too large for dtype('float64').",2,0,1,10,0,0,0,0,0,0,0,0,0,0,0.0,0.3349684000015259,2.2181618928909304,0.02785334587097168,0,0,0,0,0,0,0,0,0,0,0,0.0,stand+RCA+kNN,digits6
41,"Input contains NaN, infinity or a value too large for dtype('float64').",2,0,1,50,0,0,0,0,0,0,0,0,0,0,0.0,0.3431383609771729,2.2630181550979613,0.028638315200805665,0,0,0,0,0,0,0,0,0,0,0,0.0,stand+RCA+kNN,digits6
42,"Input contains NaN, infinity or a value too large for dtype('float64').",2,0,1,100,0,0,0,0,0,0,0,0,0,0,0.0,0.3513083219528198,2.3252923011779787,0.02944948673248291,0,0,0,0,0,0,0,0,0,0,0,0.0,stand+RCA+kNN,digits6
43,"Input contains NaN, infinity or a value too large for dtype('float64').",2,0,1,500,0,0,0,0,0,0,0,0,0,0,0.0,0.3594782829284668,2.5961853504180907,0.030252909660339354,0,0,0,0,0,0,0,0,0,0,0,0.0,stand+RCA+kNN,digits6
44,Cascading:low >= high,2,0,1,1000,0,0,0,0,0,0,0,0,0,0,0.0,0.36764824390411377,2.795837640762329,0.030252909660339354,0,0,0,0,0,0,0,0,0,0,0,0.0,stand+RCA+kNN,digits6
45,"Input contains NaN, infinity or a value too large for dtype('float64').",2,0,2,10,0,0,0,0,0,0,0,0,0,0,0.0,0.37581820487976075,2.8174925565719606,0.031051325798034667,0,0,0,0,0,0,0,0,0,0,0,0.0,stand+RCA+kNN,digits6
46,"Input contains NaN, infinity or a value too large for dtype('float64').",2,0,2,50,0,0,0,0,0,0,0,0,0,0,0.0,0.38398816585540774,2.869516372680664,0.03184740543365479,0,0,0,0,0,0,0,0,0,0,0,0.0,stand+RCA+kNN,digits6
47,"Input contains NaN, infinity or a value too large for dtype('float64').",2,0,2,100,0,0,0,0,0,0,0,0,0,0,0.0,0.39215812683105467,2.9400004625320433,0.03263382911682129,0,0,0,0,0,0,0,0,0,0,0,0.0,stand+RCA+kNN,digits6
48,Cascading:low >= high,2,0,2,500,0,0,0,0,0,0,0,0,0,0,0.0,0.40032808780670165,3.0116257190704347,0.03263382911682129,0,0,0,0,0,0,0,0,0,0,0,0.0,stand+RCA+kNN,digits6
49,Cascading:low >= high,2,0,2,1000,0,0,0,0,0,0,0,0,0,0,0.0,0.40849804878234863,3.0562171936035156,0.03263382911682129,0,0,0,0,0,0,0,0,0,0,0,0.0,stand+RCA+kNN,digits6
50,"Input contains NaN, infinity or a value too large for dtype('float64').",2,0,3,10,0,0,0,0,0,0,0,0,0,0,0.0,0.4166680097579956,3.1108285188674927,0.033425092697143555,0,0,0,0,0,0,0,0,0,0,0,0.0,stand+RCA+kNN,digits6
51,"Input contains NaN, infinity or a value too large for dtype('float64').",2,0,3,50,0,0,0,0,0,0,0,0,0,0,0.0,0.4248379707336426,3.159094786643982,0.03421638011932373,0,0,0,0,0,0,0,0,0,0,0,0.0,stand+RCA+kNN,digits6
52,"Input contains NaN, infinity or a value too large for dtype('float64').",2,0,3,100,0,0,0,0,0,0,0,0,0,0,0.0,0.43300793170928953,3.2398210525512696,0.03499596118927002,0,0,0,0,0,0,0,0,0,0,0,0.0,stand+RCA+kNN,digits6
53,Cascading:low >= high,2,0,3,500,0,0,0,0,0,0,0,0,0,0,0.0,0.4411778926849365,3.293430972099304,0.03499596118927002,0,0,0,0,0,0,0,0,0,0,0,0.0,stand+RCA+kNN,digits6
54,Cascading:low >= high,2,0,3,1000,0,0,0,0,0,0,0,0,0,0,0.0,0.4493478536605835,3.3264328241348267,0.03499596118927002,0,0,0,0,0,0,0,0,0,0,0,0.0,stand+RCA+kNN,digits6
55,"Input contains NaN, infinity or a value too large for dtype('float64').",2,0,5,10,0,0,0,0,0,0,0,0,0,0,0.0,0.4575178146362305,3.3492464303970335,0.03582456111907959,0,0,0,0,0,0,0,0,0,0,0,0.0,stand+RCA+kNN,digits6
56,"Input contains NaN, infinity or a value too large for dtype('float64').",2,0,5,50,0,0,0,0,0,0,0,0,0,0,0.0,0.46568777561187746,3.4445045709609987,0.03672821521759033,0,0,0,0,0,0,0,0,0,0,0,0.0,stand+RCA+kNN,digits6
57,"Input contains NaN, infinity or a value too large for dtype('float64').",2,0,5,100,0,0,0,0,0,0,0,0,0,0,0.0,0.4738577365875244,3.5412744522094726,0.03761286735534668,0,0,0,0,0,0,0,0,0,0,0,0.0,stand+RCA+kNN,digits6
58,Cascading:low >= high,2,0,5,500,0,0,0,0,0,0,0,0,0,0,0.0,0.4820276975631714,3.581392002105713,0.03761286735534668,0,0,0,0,0,0,0,0,0,0,0,0.0,stand+RCA+kNN,digits6
59,Cascading:low >= high,2,0,5,1000,0,0,0,0,0,0,0,0,0,0,0.0,0.49019765853881836,3.598198103904724,0.03761286735534668,0,0,0,0,0,0,0,0,0,0,0,0.0,stand+RCA+kNN,digits6
60,"Input contains NaN, infinity or a value too large for dtype('float64').",2,0,7,10,0,0,0,0,0,0,0,0,0,0,0.0,0.49836761951446534,3.6080475091934203,0.03846580982208252,0,0,0,0,0,0,0,0,0,0,0,0.0,stand+RCA+kNN,digits6
61,"Input contains NaN, infinity or a value too large for dtype('float64').",2,0,7,50,0,0,0,0,0,0,0,0,0,0,0.0,0.5065375804901123,3.679068398475647,0.03926935195922852,0,0,0,0,0,0,0,0,0,0,0,0.0,stand+RCA+kNN,digits6
62,"Input contains NaN, infinity or a value too large for dtype('float64').",2,0,7,100,0,0,0,0,0,0,0,0,0,0,0.0,0.5147075414657593,3.7993406295776366,0.04021778106689453,0,0,0,0,0,0,0,0,0,0,0,0.0,stand+RCA+kNN,digits6
63,Cascading:low >= high,2,0,7,500,0,0,0,0,0,0,0,0,0,0,0.0,0.5228775024414063,3.8351393699645997,0.04021778106689453,0,0,0,0,0,0,0,0,0,0,0,0.0,stand+RCA+kNN,digits6
64,Cascading:low >= high,2,0,7,1000,0,0,0,0,0,0,0,0,0,0,0.0,0.5310474634170532,3.854534387588501,0.04021778106689453,0,0,0,0,0,0,0,0,0,0,0,0.0,stand+RCA+kNN,digits6
65,"Input contains NaN, infinity or a value too large for dtype('float64').",2,0,10,10,0,0,0,0,0,0,0,0,0,0,0.0,0.5392174243927002,3.8674797296524046,0.04114208221435547,0,0,0,0,0,0,0,0,0,0,0,0.0,stand+RCA+kNN,digits6
66,"Input contains NaN, infinity or a value too large for dtype('float64').",2,0,10,50,0,0,0,0,0,0,0,0,0,0,0.0,0.5473873853683472,3.9256618499755858,0.041996192932128903,0,0,0,0,0,0,0,0,0,0,0,0.0,stand+RCA+kNN,digits6
67,Cascading:low >= high,2,0,10,100,0,0,0,0,0,0,0,0,0,0,0.0,0.5555573463439941,3.9449130296707153,0.041996192932128903,0,0,0,0,0,0,0,0,0,0,0,0.0,stand+RCA+kNN,digits6
68,Cascading:low >= high,2,0,10,500,0,0,0,0,0,0,0,0,0,0,0.0,0.5637273073196412,3.9572088956832885,0.041996192932128903,0,0,0,0,0,0,0,0,0,0,0,0.0,stand+RCA+kNN,digits6
69,Cascading:low >= high,2,0,10,1000,0,0,0,0,0,0,0,0,0,0,0.0,0.5718972682952881,3.966305947303772,0.041996192932128903,0,0,0,0,0,0,0,0,0,0,0,0.0,stand+RCA+kNN,digits6
70,"Input contains NaN, infinity or a value too large for dtype('float64').",2,0,16,10,0,0,0,0,0,0,0,0,0,0,0.0,0.580067229270935,4.001657295227051,0.04278721809387207,0,0,0,0,0,0,0,0,0,0,0,0.0,stand+RCA+kNN,digits6
71,"Input contains NaN, infinity or a value too large for dtype('float64').",2,0,16,50,0,0,0,0,0,0,0,0,0,0,0.0,0.588237190246582,4.029304146766663,0.043023681640625,0,0,0,0,0,0,0,0,0,0,0,0.0,stand+RCA+kNN,digits6
72,Cascading:low >= high,2,0,16,100,0,0,0,0,0,0,0,0,0,0,0.0,0.596407151222229,4.041910791397095,0.043023681640625,0,0,0,0,0,0,0,0,0,0,0,0.0,stand+RCA+kNN,digits6
73,Cascading:low >= high,2,0,16,500,0,0,0,0,0,0,0,0,0,0,0.0,0.604577112197876,4.051882386207581,0.043023681640625,0,0,0,0,0,0,0,0,0,0,0,0.0,stand+RCA+kNN,digits6
74,Cascading:low >= high,2,0,16,1000,0,0,0,0,0,0,0,0,0,0,0.0,0.612747073173523,4.058103799819946,0.043023681640625,0,0,0,0,0,0,0,0,0,0,0,0.0,stand+RCA+kNN,digits6
75,"Input contains NaN, infinity or a value too large for dtype('float64').",2,0,32,10,0,0,0,0,0,0,0,0,0,0,0.0,0.6209170341491699,4.082172918319702,0.04382007122039795,0,0,0,0,0,0,0,0,0,0,0,0.0,stand+RCA+kNN,digits6
76,Cascading:low >= high,2,0,32,50,0,0,0,0,0,0,0,0,0,0,0.0,0.6290869951248169,4.09620099067688,0.04382007122039795,0,0,0,0,0,0,0,0,0,0,0,0.0,stand+RCA+kNN,digits6
77,Cascading:low >= high,2,0,32,100,0,0,0,0,0,0,0,0,0,0,0.0,0.6372569561004638,4.101661825180054,0.04382007122039795,0,0,0,0,0,0,0,0,0,0,0,0.0,stand+RCA+kNN,digits6
78,Cascading:low >= high,2,0,32,500,0,0,0,0,0,0,0,0,0,0,0.0,0.6454269170761109,4.10549783706665,0.04382007122039795,0,0,0,0,0,0,0,0,0,0,0,0.0,stand+RCA+kNN,digits6
79,Cascading:low >= high,2,0,32,1000,0,0,0,0,0,0,0,0,0,0,0.0,0.6535968780517578,4.109338283538818,0.04382007122039795,0,0,0,0,0,0,0,0,0,0,0,0.0,stand+RCA+kNN,digits6
80,"Input contains NaN, infinity or a value too large for dtype('float64').",4,0,1,10,0,0,0,0,0,0,0,0,0,0,0.0,0.6617668390274047,4.2728310346603395,0.04464387893676758,0,0,0,0,0,0,0,0,0,0,0,0.0,stand+RCA+kNN,digits6
81,"Input contains NaN, infinity or a value too large for dtype('float64').",4,0,1,50,0,0,0,0,0,0,0,0,0,0,0.0,0.6699368000030518,4.317687296867371,0.04547243118286133,0,0,0,0,0,0,0,0,0,0,0,0.0,stand+RCA+kNN,digits6
82,"Input contains NaN, infinity or a value too large for dtype('float64').",4,0,1,100,0,0,0,0,0,0,0,0,0,0,0.0,0.6781067609786987,4.379961442947388,0.04630110263824463,0,0,0,0,0,0,0,0,0,0,0,0.0,stand+RCA+kNN,digits6
83,"Input contains NaN, infinity or a value too large for dtype('float64').",4,0,1,500,0,0,0,0,0,0,0,0,0,0,0.0,0.6862767219543457,4.6508544921875,0.047095441818237306,0,0,0,0,0,0,0,0,0,0,0,0.0,stand+RCA+kNN,digits6
84,Cascading:low >= high,4,0,1,1000,0,0,0,0,0,0,0,0,0,0,0.0,0.6944466829299927,4.850506782531738,0.047095441818237306,0,0,0,0,0,0,0,0,0,0,0,0.0,stand+RCA+kNN,digits6
85,"Input contains NaN, infinity or a value too large for dtype('float64').",4,0,2,10,0,0,0,0,0,0,0,0,0,0,0.0,0.7026166439056396,4.87216169834137,0.04788839817047119,0,0,0,0,0,0,0,0,0,0,0,0.0,stand+RCA+kNN,digits6
86,"Input contains NaN, infinity or a value too large for dtype('float64').",4,0,2,50,0,0,0,0,0,0,0,0,0,0,0.0,0.7107866048812866,4.924185514450073,0.048722481727600096,0,0,0,0,0,0,0,0,0,0,0,0.0,stand+RCA+kNN,digits6
87,"Input contains NaN, infinity or a value too large for dtype('float64').",4,0,2,100,0,0,0,0,0,0,0,0,0,0,0.0,0.7189565658569336,4.9946696043014525,0.04959850311279297,0,0,0,0,0,0,0,0,0,0,0,0.0,stand+RCA+kNN,digits6
88,Cascading:low >= high,4,0,2,500,0,0,0,0,0,0,0,0,0,0,0.0,0.7271265268325806,5.066294860839844,0.04959850311279297,0,0,0,0,0,0,0,0,0,0,0,0.0,stand+RCA+kNN,digits6
89,Cascading:low >= high,4,0,2,1000,0,0,0,0,0,0,0,0,0,0,0.0,0.7352964878082275,5.110886335372925,0.04959850311279297,0,0,0,0,0,0,0,0,0,0,0,0.0,stand+RCA+kNN,digits6
90,"Input contains NaN, infinity or a value too large for dtype('float64').",4,0,3,10,0,0,0,0,0,0,0,0,0,0,0.0,0.7434664487838745,5.165497660636902,0.05048027038574219,0,0,0,0,0,0,0,0,0,0,0,0.0,stand+RCA+kNN,digits6
91,"Input contains NaN, infinity or a value too large for dtype('float64').",4,0,3,50,0,0,0,0,0,0,0,0,0,0,0.0,0.7516364097595215,5.213763928413391,0.051508188247680664,0,0,0,0,0,0,0,0,0,0,0,0.0,stand+RCA+kNN,digits6
92,"Input contains NaN, infinity or a value too large for dtype('float64').",4,0,3,100,0,0,0,0,0,0,0,0,0,0,0.0,0.7598063707351684,5.294490194320678,0.05239071846008301,0,0,0,0,0,0,0,0,0,0,0,0.0,stand+RCA+kNN,digits6
93,Cascading:low >= high,4,0,3,500,0,0,0,0,0,0,0,0,0,0,0.0,0.7679763317108155,5.348100113868713,0.05239071846008301,0,0,0,0,0,0,0,0,0,0,0,0.0,stand+RCA+kNN,digits6
94,Cascading:low >= high,4,0,3,1000,0,0,0,0,0,0,0,0,0,0,0.0,0.7761462926864624,5.381101965904236,0.05239071846008301,0,0,0,0,0,0,0,0,0,0,0,0.0,stand+RCA+kNN,digits6
95,"Input contains NaN, infinity or a value too large for dtype('float64').",4,0,5,10,0,0,0,0,0,0,0,0,0,0,0.0,0.7843162536621093,5.403915572166443,0.05330114364624024,0,0,0,0,0,0,0,0,0,0,0,0.0,stand+RCA+kNN,digits6
96,"Input contains NaN, infinity or a value too large for dtype('float64').",4,0,5,50,0,0,0,0,0,0,0,0,0,0,0.0,0.7924862146377564,5.499173712730408,0.054088687896728514,0,0,0,0,0,0,0,0,0,0,0,0.0,stand+RCA+kNN,digits6
97,"Input contains NaN, infinity or a value too large for dtype('float64').",4,0,5,100,0,0,0,0,0,0,0,0,0,0,0.0,0.8006561756134033,5.595943593978882,0.05487380027770996,0,0,0,0,0,0,0,0,0,0,0,0.0,stand+RCA+kNN,digits6
98,Cascading:low >= high,4,0,5,500,0,0,0,0,0,0,0,0,0,0,0.0,0.8088261365890503,5.636061143875122,0.05487380027770996,0,0,0,0,0,0,0,0,0,0,0,0.0,stand+RCA+kNN,digits6
99,Cascading:low >= high,4,0,5,1000,0,0,0,0,0,0,0,0,0,0,0.0,0.8169960975646973,5.652867245674133,0.05487380027770996,0,0,0,0,0,0,0,0,0,0,0,0.0,stand+RCA+kNN,digits6
100,"Input contains NaN, infinity or a value too large for dtype('float64').",4,0,7,10,0,0,0,0,0,0,0,0,0,0,0.0,0.8251660585403442,5.66271665096283,0.05566174983978271,0,0,0,0,0,0,0,0,0,0,0,0.0,stand+RCA+kNN,digits6
101,"Input contains NaN, infinity or a value too large for dtype('float64').",4,0,7,50,0,0,0,0,0,0,0,0,0,0,0.0,0.8333360195159912,5.733737540245056,0.05646562576293945,0,0,0,0,0,0,0,0,0,0,0,0.0,stand+RCA+kNN,digits6
102,"Input contains NaN, infinity or a value too large for dtype('float64').",4,0,7,100,0,0,0,0,0,0,0,0,0,0,0.0,0.8415059804916382,5.854009771347046,0.05725088119506836,0,0,0,0,0,0,0,0,0,0,0,0.0,stand+RCA+kNN,digits6
103,Cascading:low >= high,4,0,7,500,0,0,0,0,0,0,0,0,0,0,0.0,0.8496759414672852,5.889808511734008,0.05725088119506836,0,0,0,0,0,0,0,0,0,0,0,0.0,stand+RCA+kNN,digits6
104,Cascading:low >= high,4,0,7,1000,0,0,0,0,0,0,0,0,0,0,0.0,0.8578459024429321,5.90920352935791,0.05725088119506836,0,0,0,0,0,0,0,0,0,0,0,0.0,stand+RCA+kNN,digits6
105,"Input contains NaN, infinity or a value too large for dtype('float64').",4,0,10,10,0,0,0,0,0,0,0,0,0,0,0.0,0.8660158634185791,5.922148871421814,0.05803024768829346,0,0,0,0,0,0,0,0,0,0,0,0.0,stand+RCA+kNN,digits6
106,"Input contains NaN, infinity or a value too large for dtype('float64').",4,0,10,50,0,0,0,0,0,0,0,0,0,0,0.0,0.8741858243942261,5.980330991744995,0.058809971809387206,0,0,0,0,0,0,0,0,0,0,0,0.0,stand+RCA+kNN,digits6
107,Cascading:low >= high,4,0,10,100,0,0,0,0,0,0,0,0,0,0,0.0,0.882355785369873,5.9995821714401245,0.058809971809387206,0,0,0,0,0,0,0,0,0,0,0,0.0,stand+RCA+kNN,digits6
108,Cascading:low >= high,4,0,10,500,0,0,0,0,0,0,0,0,0,0,0.0,0.8905257463455201,6.011878037452698,0.058809971809387206,0,0,0,0,0,0,0,0,0,0,0,0.0,stand+RCA+kNN,digits6
109,Cascading:low >= high,4,0,10,1000,0,0,0,0,0,0,0,0,0,0,0.0,0.898695707321167,6.020975089073181,0.058809971809387206,0,0,0,0,0,0,0,0,0,0,0,0.0,stand+RCA+kNN,digits6
110,"Input contains NaN, infinity or a value too large for dtype('float64').",4,0,16,10,0,0,0,0,0,0,0,0,0,0,0.0,0.9068656682968139,6.05632643699646,0.05960860252380371,0,0,0,0,0,0,0,0,0,0,0,0.0,stand+RCA+kNN,digits6
111,"Input contains NaN, infinity or a value too large for dtype('float64').",4,0,16,50,0,0,0,0,0,0,0,0,0,0,0.0,0.915035629272461,6.083973288536072,0.05984451770782471,0,0,0,0,0,0,0,0,0,0,0,0.0,stand+RCA+kNN,digits6
112,Cascading:low >= high,4,0,16,100,0,0,0,0,0,0,0,0,0,0,0.0,0.9232055902481079,6.096579933166504,0.05984451770782471,0,0,0,0,0,0,0,0,0,0,0,0.0,stand+RCA+kNN,digits6
113,Cascading:low >= high,4,0,16,500,0,0,0,0,0,0,0,0,0,0,0.0,0.9313755512237549,6.10655152797699,0.05984451770782471,0,0,0,0,0,0,0,0,0,0,0,0.0,stand+RCA+kNN,digits6
114,Cascading:low >= high,4,0,16,1000,0,0,0,0,0,0,0,0,0,0,0.0,0.9395455121994019,6.1127729415893555,0.05984451770782471,0,0,0,0,0,0,0,0,0,0,0,0.0,stand+RCA+kNN,digits6
115,"Input contains NaN, infinity or a value too large for dtype('float64').",4,0,32,10,0,0,0,0,0,0,0,0,0,0,0.0,0.9477154731750488,6.136842060089111,0.06064672470092773,0,0,0,0,0,0,0,0,0,0,0,0.0,stand+RCA+kNN,digits6
116,Cascading:low >= high,4,0,32,50,0,0,0,0,0,0,0,0,0,0,0.0,0.9558854341506958,6.150870132446289,0.06064672470092773,0,0,0,0,0,0,0,0,0,0,0,0.0,stand+RCA+kNN,digits6
117,Cascading:low >= high,4,0,32,100,0,0,0,0,0,0,0,0,0,0,0.0,0.9640553951263428,6.156330966949463,0.06064672470092773,0,0,0,0,0,0,0,0,0,0,0,0.0,stand+RCA+kNN,digits6
118,Cascading:low >= high,4,0,32,500,0,0,0,0,0,0,0,0,0,0,0.0,0.9722253561019898,6.16016697883606,0.06064672470092773,0,0,0,0,0,0,0,0,0,0,0,0.0,stand+RCA+kNN,digits6
119,Cascading:low >= high,4,0,32,1000,0,0,0,0,0,0,0,0,0,0,0.0,0.9803953170776367,6.1640074253082275,0.06064672470092773,0,0,0,0,0,0,0,0,0,0,0,0.0,stand+RCA+kNN,digits6
120,"Input contains NaN, infinity or a value too large for dtype('float64').",8,0,1,10,0,0,0,0,0,0,0,0,0,0,0.0,0.9885652780532836,6.327500176429749,0.06145155429840088,0,0,0,0,0,0,0,0,0,0,0,0.0,stand+RCA+kNN,digits6
121,"Input contains NaN, infinity or a value too large for dtype('float64').",8,0,1,50,0,0,0,0,0,0,0,0,0,0,0.0,0.9967352390289307,6.37235643863678,0.06246652603149414,0,0,0,0,0,0,0,0,0,0,0,0.0,stand+RCA+kNN,digits6
122,"Input contains NaN, infinity or a value too large for dtype('float64').",8,0,1,100,0,0,0,0,0,0,0,0,0,0,0.0,1.0049052000045777,6.434630584716797,0.06335127353668213,0,0,0,0,0,0,0,0,0,0,0,0.0,stand+RCA+kNN,digits6
123,"Input contains NaN, infinity or a value too large for dtype('float64').",8,0,1,500,0,0,0,0,0,0,0,0,0,0,0.0,1.0130751609802247,6.7055236339569095,0.06421365737915039,0,0,0,0,0,0,0,0,0,0,0,0.0,stand+RCA+kNN,digits6
124,Cascading:low >= high,8,0,1,1000,0,0,0,0,0,0,0,0,0,0,0.0,1.0212451219558716,6.9051759243011475,0.06421365737915039,0,0,0,0,0,0,0,0,0,0,0,0.0,stand+RCA+kNN,digits6
125,"Input contains NaN, infinity or a value too large for dtype('float64').",8,0,2,10,0,0,0,0,0,0,0,0,0,0,0.0,1.0294150829315185,6.926830840110779,0.06502425670623779,0,0,0,0,0,0,0,0,0,0,0,0.0,stand+RCA+kNN,digits6
126,"Input contains NaN, infinity or a value too large for dtype('float64').",8,0,2,50,0,0,0,0,0,0,0,0,0,0,0.0,1.0375850439071654,6.978854656219482,0.06581482887268067,0,0,0,0,0,0,0,0,0,0,0,0.0,stand+RCA+kNN,digits6
127,"Input contains NaN, infinity or a value too large for dtype('float64').",8,0,2,100,0,0,0,0,0,0,0,0,0,0,0.0,1.0457550048828126,7.049338746070862,0.06671082973480225,0,0,0,0,0,0,0,0,0,0,0,0.0,stand+RCA+kNN,digits6
128,Cascading:low >= high,8,0,2,500,0,0,0,0,0,0,0,0,0,0,0.0,1.0539249658584595,7.120964002609253,0.06671082973480225,0,0,0,0,0,0,0,0,0,0,0,0.0,stand+RCA+kNN,digits6
129,Cascading:low >= high,8,0,2,1000,0,0,0,0,0,0,0,0,0,0,0.0,1.0620949268341064,7.165555477142334,0.06671082973480225,0,0,0,0,0,0,0,0,0,0,0,0.0,stand+RCA+kNN,digits6
130,"Input contains NaN, infinity or a value too large for dtype('float64').",8,0,3,10,0,0,0,0,0,0,0,0,0,0,0.0,1.0702648878097534,7.220166802406311,0.06749215126037597,0,0,0,0,0,0,0,0,0,0,0,0.0,stand+RCA+kNN,digits6
131,"Input contains NaN, infinity or a value too large for dtype('float64').",8,0,3,50,0,0,0,0,0,0,0,0,0,0,0.0,1.0784348487854003,7.2684330701828,0.06826834678649903,0,0,0,0,0,0,0,0,0,0,0,0.0,stand+RCA+kNN,digits6
132,"Input contains NaN, infinity or a value too large for dtype('float64').",8,0,3,100,0,0,0,0,0,0,0,0,0,0,0.0,1.0866048097610475,7.3491593360900875,0.06905536651611328,0,0,0,0,0,0,0,0,0,0,0,0.0,stand+RCA+kNN,digits6
133,Cascading:low >= high,8,0,3,500,0,0,0,0,0,0,0,0,0,0,0.0,1.0947747707366944,7.402769255638122,0.06905536651611328,0,0,0,0,0,0,0,0,0,0,0,0.0,stand+RCA+kNN,digits6
134,Cascading:low >= high,8,0,3,1000,0,0,0,0,0,0,0,0,0,0,0.0,1.1029447317123413,7.435771107673645,0.06905536651611328,0,0,0,0,0,0,0,0,0,0,0,0.0,stand+RCA+kNN,digits6
135,"Input contains NaN, infinity or a value too large for dtype('float64').",8,0,5,10,0,0,0,0,0,0,0,0,0,0,0.0,1.1111146926879882,7.458584713935852,0.0698319673538208,0,0,0,0,0,0,0,0,0,0,0,0.0,stand+RCA+kNN,digits6
136,"Input contains NaN, infinity or a value too large for dtype('float64').",8,0,5,50,0,0,0,0,0,0,0,0,0,0,0.0,1.1192846536636352,7.553842854499817,0.07062585353851318,0,0,0,0,0,0,0,0,0,0,0,0.0,stand+RCA+kNN,digits6
137,"Input contains NaN, infinity or a value too large for dtype('float64').",8,0,5,100,0,0,0,0,0,0,0,0,0,0,0.0,1.1274546146392823,7.650612735748291,0.07140445709228516,0,0,0,0,0,0,0,0,0,0,0,0.0,stand+RCA+kNN,digits6
138,Cascading:low >= high,8,0,5,500,0,0,0,0,0,0,0,0,0,0,0.0,1.1356245756149292,7.690730285644531,0.07140445709228516,0,0,0,0,0,0,0,0,0,0,0,0.0,stand+RCA+kNN,digits6
139,Cascading:low >= high,8,0,5,1000,0,0,0,0,0,0,0,0,0,0,0.0,1.1437945365905762,7.707536387443542,0.07140445709228516,0,0,0,0,0,0,0,0,0,0,0,0.0,stand+RCA+kNN,digits6
140,"Input contains NaN, infinity or a value too large for dtype('float64').",8,0,7,10,0,0,0,0,0,0,0,0,0,0,0.0,1.151964497566223,7.717385792732239,0.07219715118408203,0,0,0,0,0,0,0,0,0,0,0,0.0,stand+RCA+kNN,digits6
141,"Input contains NaN, infinity or a value too large for dtype('float64').",8,0,7,50,0,0,0,0,0,0,0,0,0,0,0.0,1.16013445854187,7.7884066820144655,0.07298045158386231,0,0,0,0,0,0,0,0,0,0,0,0.0,stand+RCA+kNN,digits6
142,"Input contains NaN, infinity or a value too large for dtype('float64').",8,0,7,100,0,0,0,0,0,0,0,0,0,0,0.0,1.1683044195175172,7.908678913116455,0.07376458644866943,0,0,0,0,0,0,0,0,0,0,0,0.0,stand+RCA+kNN,digits6
143,Cascading:low >= high,8,0,7,500,0,0,0,0,0,0,0,0,0,0,0.0,1.176474380493164,7.944477653503418,0.07376458644866943,0,0,0,0,0,0,0,0,0,0,0,0.0,stand+RCA+kNN,digits6
144,Cascading:low >= high,8,0,7,1000,0,0,0,0,0,0,0,0,0,0,0.0,1.184644341468811,7.963872671127319,0.07376458644866943,0,0,0,0,0,0,0,0,0,0,0,0.0,stand+RCA+kNN,digits6
145,"Input contains NaN, infinity or a value too large for dtype('float64').",8,0,10,10,0,0,0,0,0,0,0,0,0,0,0.0,1.192814302444458,7.976818013191223,0.07454967498779297,0,0,0,0,0,0,0,0,0,0,0,0.0,stand+RCA+kNN,digits6
146,"Input contains NaN, infinity or a value too large for dtype('float64').",8,0,10,50,0,0,0,0,0,0,0,0,0,0,0.0,1.200984263420105,8.035000133514405,0.07531797885894775,0,0,0,0,0,0,0,0,0,0,0,0.0,stand+RCA+kNN,digits6
147,Cascading:low >= high,8,0,10,100,0,0,0,0,0,0,0,0,0,0,0.0,1.209154224395752,8.054251313209534,0.07531797885894775,0,0,0,0,0,0,0,0,0,0,0,0.0,stand+RCA+kNN,digits6
148,Cascading:low >= high,8,0,10,500,0,0,0,0,0,0,0,0,0,0,0.0,1.217324185371399,8.066547179222107,0.07531797885894775,0,0,0,0,0,0,0,0,0,0,0,0.0,stand+RCA+kNN,digits6
149,Cascading:low >= high,8,0,10,1000,0,0,0,0,0,0,0,0,0,0,0.0,1.225494146347046,8.07564423084259,0.07531797885894775,0,0,0,0,0,0,0,0,0,0,0,0.0,stand+RCA+kNN,digits6
150,"Input contains NaN, infinity or a value too large for dtype('float64').",8,0,16,10,0,0,0,0,0,0,0,0,0,0,0.0,1.2336641073226928,8.11099557876587,0.07609848976135254,0,0,0,0,0,0,0,0,0,0,0,0.0,stand+RCA+kNN,digits6
151,"Input contains NaN, infinity or a value too large for dtype('float64').",8,0,16,50,0,0,0,0,0,0,0,0,0,0,0.0,1.2418340682983398,8.138642430305481,0.07632954120635986,0,0,0,0,0,0,0,0,0,0,0,0.0,stand+RCA+kNN,digits6
152,Cascading:low >= high,8,0,16,100,0,0,0,0,0,0,0,0,0,0,0.0,1.250004029273987,8.151249074935913,0.07632954120635986,0,0,0,0,0,0,0,0,0,0,0,0.0,stand+RCA+kNN,digits6
153,Cascading:low >= high,8,0,16,500,0,0,0,0,0,0,0,0,0,0,0.0,1.2581739902496338,8.161220669746399,0.07632954120635986,0,0,0,0,0,0,0,0,0,0,0,0.0,stand+RCA+kNN,digits6
154,Cascading:low >= high,8,0,16,1000,0,0,0,0,0,0,0,0,0,0,0.0,1.2663439512252808,8.167442083358765,0.07632954120635986,0,0,0,0,0,0,0,0,0,0,0,0.0,stand+RCA+kNN,digits6
155,"Input contains NaN, infinity or a value too large for dtype('float64').",8,0,32,10,0,0,0,0,0,0,0,0,0,0,0.0,1.2745139122009277,8.191511201858521,0.07711577415466309,0,0,0,0,0,0,0,0,0,0,0,0.0,stand+RCA+kNN,digits6
156,Cascading:low >= high,8,0,32,50,0,0,0,0,0,0,0,0,0,0,0.0,1.2826838731765746,8.205539274215699,0.07711577415466309,0,0,0,0,0,0,0,0,0,0,0,0.0,stand+RCA+kNN,digits6
157,Cascading:low >= high,8,0,32,100,0,0,0,0,0,0,0,0,0,0,0.0,1.2908538341522218,8.211000108718872,0.07711577415466309,0,0,0,0,0,0,0,0,0,0,0,0.0,stand+RCA+kNN,digits6
158,Cascading:low >= high,8,0,32,500,0,0,0,0,0,0,0,0,0,0,0.0,1.2990237951278687,8.214836120605469,0.07711577415466309,0,0,0,0,0,0,0,0,0,0,0,0.0,stand+RCA+kNN,digits6
159,Cascading:low >= high,8,0,32,1000,0,0,0,0,0,0,0,0,0,0,0.0,1.3071937561035156,8.218676567077637,0.07711577415466309,0,0,0,0,0,0,0,0,0,0,0,0.0,stand+RCA+kNN,digits6
160,"Input contains NaN, infinity or a value too large for dtype('float64').",16,0,1,10,0,0,0,0,0,0,0,0,0,0,0.0,1.3153637170791626,8.382169318199157,0.07791459560394287,0,0,0,0,0,0,0,0,0,0,0,0.0,stand+RCA+kNN,digits6
161,"Input contains NaN, infinity or a value too large for dtype('float64').",16,0,1,50,0,0,0,0,0,0,0,0,0,0,0.0,1.3235336780548095,8.42702558040619,0.07871007919311523,0,0,0,0,0,0,0,0,0,0,0,0.0,stand+RCA+kNN,digits6
162,"Input contains NaN, infinity or a value too large for dtype('float64').",16,0,1,100,0,0,0,0,0,0,0,0,0,0,0.0,1.3317036390304566,8.489299726486205,0.07950248718261718,0,0,0,0,0,0,0,0,0,0,0,0.0,stand+RCA+kNN,digits6
163,"Input contains NaN, infinity or a value too large for dtype('float64').",16,0,1,500,0,0,0,0,0,0,0,0,0,0,0.0,1.3398736000061036,8.760192775726319,0.08028337955474854,0,0,0,0,0,0,0,0,0,0,0,0.0,stand+RCA+kNN,digits6
164,Cascading:low >= high,16,0,1,1000,0,0,0,0,0,0,0,0,0,0,0.0,1.3480435609817505,8.959845066070557,0.08028337955474854,0,0,0,0,0,0,0,0,0,0,0,0.0,stand+RCA+kNN,digits6
165,"Input contains NaN, infinity or a value too large for dtype('float64').",16,0,2,10,0,0,0,0,0,0,0,0,0,0,0.0,1.3562135219573974,8.981499981880187,0.08114926815032959,0,0,0,0,0,0,0,0,0,0,0,0.0,stand+RCA+kNN,digits6
166,"Input contains NaN, infinity or a value too large for dtype('float64').",16,0,2,50,0,0,0,0,0,0,0,0,0,0,0.0,1.3643834829330443,9.033523797988892,0.0819443941116333,0,0,0,0,0,0,0,0,0,0,0,0.0,stand+RCA+kNN,digits6
167,"Input contains NaN, infinity or a value too large for dtype('float64').",16,0,2,100,0,0,0,0,0,0,0,0,0,0,0.0,1.3725534439086915,9.104007887840272,0.08272955417633057,0,0,0,0,0,0,0,0,0,0,0,0.0,stand+RCA+kNN,digits6
168,Cascading:low >= high,16,0,2,500,0,0,0,0,0,0,0,0,0,0,0.0,1.3807234048843384,9.175633144378661,0.08272955417633057,0,0,0,0,0,0,0,0,0,0,0,0.0,stand+RCA+kNN,digits6
169,Cascading:low >= high,16,0,2,1000,0,0,0,0,0,0,0,0,0,0,0.0,1.3888933658599854,9.220224618911743,0.08272955417633057,0,0,0,0,0,0,0,0,0,0,0,0.0,stand+RCA+kNN,digits6
170,"Input contains NaN, infinity or a value too large for dtype('float64').",16,0,3,10,0,0,0,0,0,0,0,0,0,0,0.0,1.3970633268356323,9.27483594417572,0.08351984024047851,0,0,0,0,0,0,0,0,0,0,0,0.0,stand+RCA+kNN,digits6
171,"Input contains NaN, infinity or a value too large for dtype('float64').",16,0,3,50,0,0,0,0,0,0,0,0,0,0,0.0,1.4052332878112792,9.32310221195221,0.08430583477020263,0,0,0,0,0,0,0,0,0,0,0,0.0,stand+RCA+kNN,digits6
172,"Input contains NaN, infinity or a value too large for dtype('float64').",16,0,3,100,0,0,0,0,0,0,0,0,0,0,0.0,1.4134032487869264,9.403828477859497,0.08512654304504394,0,0,0,0,0,0,0,0,0,0,0,0.0,stand+RCA+kNN,digits6
173,Cascading:low >= high,16,0,3,500,0,0,0,0,0,0,0,0,0,0,0.0,1.4215732097625733,9.457438397407532,0.08512654304504394,0,0,0,0,0,0,0,0,0,0,0,0.0,stand+RCA+kNN,digits6
174,Cascading:low >= high,16,0,3,1000,0,0,0,0,0,0,0,0,0,0,0.0,1.4297431707382202,9.490440249443054,0.08512654304504394,0,0,0,0,0,0,0,0,0,0,0,0.0,stand+RCA+kNN,digits6
175,"Input contains NaN, infinity or a value too large for dtype('float64').",16,0,5,10,0,0,0,0,0,0,0,0,0,0,0.0,1.4379131317138671,9.513253855705262,0.08591930866241455,0,0,0,0,0,0,0,0,0,0,0,0.0,stand+RCA+kNN,digits6
176,"Input contains NaN, infinity or a value too large for dtype('float64').",16,0,5,50,0,0,0,0,0,0,0,0,0,0,0.0,1.446083092689514,9.608511996269225,0.08669958114624024,0,0,0,0,0,0,0,0,0,0,0,0.0,stand+RCA+kNN,digits6
177,"Input contains NaN, infinity or a value too large for dtype('float64').",16,0,5,100,0,0,0,0,0,0,0,0,0,0,0.0,1.4542530536651612,9.7052818775177,0.08748779296875,0,0,0,0,0,0,0,0,0,0,0,0.0,stand+RCA+kNN,digits6
178,Cascading:low >= high,16,0,5,500,0,0,0,0,0,0,0,0,0,0,0.0,1.4624230146408081,9.74539942741394,0.08748779296875,0,0,0,0,0,0,0,0,0,0,0,0.0,stand+RCA+kNN,digits6
179,Cascading:low >= high,16,0,5,1000,0,0,0,0,0,0,0,0,0,0,0.0,1.470592975616455,9.762205529212952,0.08748779296875,0,0,0,0,0,0,0,0,0,0,0,0.0,stand+RCA+kNN,digits6
180,"Input contains NaN, infinity or a value too large for dtype('float64').",16,0,7,10,0,0,0,0,0,0,0,0,0,0,0.0,1.478762936592102,9.772054934501648,0.08828048706054688,0,0,0,0,0,0,0,0,0,0,0,0.0,stand+RCA+kNN,digits6
181,"Input contains NaN, infinity or a value too large for dtype('float64').",16,0,7,50,0,0,0,0,0,0,0,0,0,0,0.0,1.486932897567749,9.843075823783874,0.08907835483551026,0,0,0,0,0,0,0,0,0,0,0,0.0,stand+RCA+kNN,digits6
182,"Input contains NaN, infinity or a value too large for dtype('float64').",16,0,7,100,0,0,0,0,0,0,0,0,0,0,0.0,1.495102858543396,9.963348054885865,0.08985850811004639,0,0,0,0,0,0,0,0,0,0,0,0.0,stand+RCA+kNN,digits6
183,Cascading:low >= high,16,0,7,500,0,0,0,0,0,0,0,0,0,0,0.0,1.503272819519043,9.999146795272827,0.08985850811004639,0,0,0,0,0,0,0,0,0,0,0,0.0,stand+RCA+kNN,digits6
184,Cascading:low >= high,16,0,7,1000,0,0,0,0,0,0,0,0,0,0,0.0,1.51144278049469,10.018541812896729,0.08985850811004639,0,0,0,0,0,0,0,0,0,0,0,0.0,stand+RCA+kNN,digits6
185,"Input contains NaN, infinity or a value too large for dtype('float64').",16,0,10,10,0,0,0,0,0,0,0,0,0,0,0.0,1.5196127414703369,10.031487154960633,0.0906529188156128,0,0,0,0,0,0,0,0,0,0,0,0.0,stand+RCA+kNN,digits6
186,"Input contains NaN, infinity or a value too large for dtype('float64').",16,0,10,50,0,0,0,0,0,0,0,0,0,0,0.0,1.5277827024459838,10.089669275283814,0.09144303798675538,0,0,0,0,0,0,0,0,0,0,0,0.0,stand+RCA+kNN,digits6
187,Cascading:low >= high,16,0,10,100,0,0,0,0,0,0,0,0,0,0,0.0,1.535952663421631,10.108920454978943,0.09144303798675538,0,0,0,0,0,0,0,0,0,0,0,0.0,stand+RCA+kNN,digits6
188,Cascading:low >= high,16,0,10,500,0,0,0,0,0,0,0,0,0,0,0.0,1.5441226243972779,10.121216320991516,0.09144303798675538,0,0,0,0,0,0,0,0,0,0,0,0.0,stand+RCA+kNN,digits6
189,Cascading:low >= high,16,0,10,1000,0,0,0,0,0,0,0,0,0,0,0.0,1.5522925853729248,10.130313372612,0.09144303798675538,0,0,0,0,0,0,0,0,0,0,0,0.0,stand+RCA+kNN,digits6
190,"Input contains NaN, infinity or a value too large for dtype('float64').",16,0,16,10,0,0,0,0,0,0,0,0,0,0,0.0,1.5604625463485717,10.165664720535279,0.09222254753112794,0,0,0,0,0,0,0,0,0,0,0,0.0,stand+RCA+kNN,digits6
191,"Input contains NaN, infinity or a value too large for dtype('float64').",16,0,16,50,0,0,0,0,0,0,0,0,0,0,0.0,1.5686325073242187,10.19331157207489,0.09246227741241456,0,0,0,0,0,0,0,0,0,0,0,0.0,stand+RCA+kNN,digits6
192,Cascading:low >= high,16,0,16,100,0,0,0,0,0,0,0,0,0,0,0.0,1.5768024682998658,10.205918216705323,0.09246227741241456,0,0,0,0,0,0,0,0,0,0,0,0.0,stand+RCA+kNN,digits6
193,Cascading:low >= high,16,0,16,500,0,0,0,0,0,0,0,0,0,0,0.0,1.5849724292755127,10.215889811515808,0.09246227741241456,0,0,0,0,0,0,0,0,0,0,0,0.0,stand+RCA+kNN,digits6
194,Cascading:low >= high,16,0,16,1000,0,0,0,0,0,0,0,0,0,0,0.0,1.5931423902511597,10.222111225128174,0.09246227741241456,0,0,0,0,0,0,0,0,0,0,0,0.0,stand+RCA+kNN,digits6
195,"Input contains NaN, infinity or a value too large for dtype('float64').",16,0,32,10,0,0,0,0,0,0,0,0,0,0,0.0,1.6013123512268066,10.24618034362793,0.09324126243591309,0,0,0,0,0,0,0,0,0,0,0,0.0,stand+RCA+kNN,digits6
196,Cascading:low >= high,16,0,32,50,0,0,0,0,0,0,0,0,0,0,0.0,1.6094823122024535,10.260208415985108,0.09324126243591309,0,0,0,0,0,0,0,0,0,0,0,0.0,stand+RCA+kNN,digits6
197,Cascading:low >= high,16,0,32,100,0,0,0,0,0,0,0,0,0,0,0.0,1.6176522731781007,10.265669250488282,0.09324126243591309,0,0,0,0,0,0,0,0,0,0,0,0.0,stand+RCA+kNN,digits6
198,Cascading:low >= high,16,0,32,500,0,0,0,0,0,0,0,0,0,0,0.0,1.6258222341537476,10.269505262374878,0.09324126243591309,0,0,0,0,0,0,0,0,0,0,0,0.0,stand+RCA+kNN,digits6
199,Cascading:low >= high,16,0,32,1000,0,0,0,0,0,0,0,0,0,0,0.0,1.6339921951293945,10.273345708847046,0.09324126243591309,0,0,0,0,0,0,0,0,0,0,0,0.0,stand+RCA+kNN,digits6
200,"Input contains NaN, infinity or a value too large for dtype('float64').",32,0,1,10,0,0,0,0,0,0,0,0,0,0,0.0,1.6421621561050415,10.436838459968566,0.09506170749664307,0,0,0,0,0,0,0,0,0,0,0,0.0,stand+RCA+kNN,digits6
201,"Input contains NaN, infinity or a value too large for dtype('float64').",32,0,1,50,0,0,0,0,0,0,0,0,0,0,0.0,1.6503321170806884,10.481694722175598,0.09708364009857177,0,0,0,0,0,0,0,0,0,0,0,0.0,stand+RCA+kNN,digits6
202,"Input contains NaN, infinity or a value too large for dtype('float64').",32,0,1,100,0,0,0,0,0,0,0,0,0,0,0.0,1.6585020780563355,10.543968868255615,0.09890139102935791,0,0,0,0,0,0,0,0,0,0,0,0.0,stand+RCA+kNN,digits6
203,"Input contains NaN, infinity or a value too large for dtype('float64').",32,0,1,500,0,0,0,0,0,0,0,0,0,0,0.0,1.6666720390319825,10.814861917495728,0.10074779987335206,0,0,0,0,0,0,0,0,0,0,0,0.0,stand+RCA+kNN,digits6
204,Cascading:low >= high,32,0,1,1000,0,0,0,0,0,0,0,0,0,0,0.0,1.6748420000076294,11.014514207839966,0.10074779987335206,0,0,0,0,0,0,0,0,0,0,0,0.0,stand+RCA+kNN,digits6
205,"Input contains NaN, infinity or a value too large for dtype('float64').",32,0,2,10,0,0,0,0,0,0,0,0,0,0,0.0,1.6830119609832763,11.036169123649596,0.10255122184753418,0,0,0,0,0,0,0,0,0,0,0,0.0,stand+RCA+kNN,digits6
206,"Input contains NaN, infinity or a value too large for dtype('float64').",32,0,2,50,0,0,0,0,0,0,0,0,0,0,0.0,1.6911819219589233,11.0881929397583,0.10438053607940674,0,0,0,0,0,0,0,0,0,0,0,0.0,stand+RCA+kNN,digits6
207,"Input contains NaN, infinity or a value too large for dtype('float64').",32,0,2,100,0,0,0,0,0,0,0,0,0,0,0.0,1.6993518829345704,11.15867702960968,0.10618162155151367,0,0,0,0,0,0,0,0,0,0,0,0.0,stand+RCA+kNN,digits6
208,Cascading:low >= high,32,0,2,500,0,0,0,0,0,0,0,0,0,0,0.0,1.7075218439102173,11.23030228614807,0.10618162155151367,0,0,0,0,0,0,0,0,0,0,0,0.0,stand+RCA+kNN,digits6
209,Cascading:low >= high,32,0,2,1000,0,0,0,0,0,0,0,0,0,0,0.0,1.7156918048858643,11.274893760681152,0.10618162155151367,0,0,0,0,0,0,0,0,0,0,0,0.0,stand+RCA+kNN,digits6
210,"Input contains NaN, infinity or a value too large for dtype('float64').",32,0,3,10,0,0,0,0,0,0,0,0,0,0,0.0,1.7238617658615112,11.32950508594513,0.10797975063323975,0,0,0,0,0,0,0,0,0,0,0,0.0,stand+RCA+kNN,digits6
211,"Input contains NaN, infinity or a value too large for dtype('float64').",32,0,3,50,0,0,0,0,0,0,0,0,0,0,0.0,1.7320317268371581,11.377771353721618,0.10986456871032715,0,0,0,0,0,0,0,0,0,0,0,0.0,stand+RCA+kNN,digits6
212,"Input contains NaN, infinity or a value too large for dtype('float64').",32,0,3,100,0,0,0,0,0,0,0,0,0,0,0.0,1.7402016878128053,11.458497619628906,0.11168420314788818,0,0,0,0,0,0,0,0,0,0,0,0.0,stand+RCA+kNN,digits6
213,Cascading:low >= high,32,0,3,500,0,0,0,0,0,0,0,0,0,0,0.0,1.7483716487884522,11.512107539176942,0.11168420314788818,0,0,0,0,0,0,0,0,0,0,0,0.0,stand+RCA+kNN,digits6
214,Cascading:low >= high,32,0,3,1000,0,0,0,0,0,0,0,0,0,0,0.0,1.7565416097640991,11.545109391212463,0.11168420314788818,0,0,0,0,0,0,0,0,0,0,0,0.0,stand+RCA+kNN,digits6
215,"Input contains NaN, infinity or a value too large for dtype('float64').",32,0,5,10,0,0,0,0,0,0,0,0,0,0,0.0,1.764711570739746,11.567922997474671,0.11351318359375,0,0,0,0,0,0,0,0,0,0,0,0.0,stand+RCA+kNN,digits6
216,"Input contains NaN, infinity or a value too large for dtype('float64').",32,0,5,50,0,0,0,0,0,0,0,0,0,0,0.0,1.772881531715393,11.663181138038635,0.11536026000976562,0,0,0,0,0,0,0,0,0,0,0,0.0,stand+RCA+kNN,digits6
217,"Input contains NaN, infinity or a value too large for dtype('float64').",32,0,5,100,0,0,0,0,0,0,0,0,0,0,0.0,1.7810514926910401,11.75995101928711,0.11719002723693847,0,0,0,0,0,0,0,0,0,0,0,0.0,stand+RCA+kNN,digits6
218,Cascading:low >= high,32,0,5,500,0,0,0,0,0,0,0,0,0,0,0.0,1.789221453666687,11.800068569183349,0.11719002723693847,0,0,0,0,0,0,0,0,0,0,0,0.0,stand+RCA+kNN,digits6
219,Cascading:low >= high,32,0,5,1000,0,0,0,0,0,0,0,0,0,0,0.0,1.797391414642334,11.816874670982362,0.11719002723693847,0,0,0,0,0,0,0,0,0,0,0,0.0,stand+RCA+kNN,digits6
220,"Input contains NaN, infinity or a value too large for dtype('float64').",32,0,7,10,0,0,0,0,0,0,0,0,0,0,0.0,1.805561375617981,11.826724076271057,0.11902329921722413,0,0,0,0,0,0,0,0,0,0,0,0.0,stand+RCA+kNN,digits6
221,"Input contains NaN, infinity or a value too large for dtype('float64').",32,0,7,50,0,0,0,0,0,0,0,0,0,0,0.0,1.8137313365936278,11.897744965553283,0.1208268165588379,0,0,0,0,0,0,0,0,0,0,0,0.0,stand+RCA+kNN,digits6
222,"Input contains NaN, infinity or a value too large for dtype('float64').",32,0,7,100,0,0,0,0,0,0,0,0,0,0,0.0,1.821901297569275,12.018017196655274,0.1226569652557373,0,0,0,0,0,0,0,0,0,0,0,0.0,stand+RCA+kNN,digits6
223,Cascading:low >= high,32,0,7,500,0,0,0,0,0,0,0,0,0,0,0.0,1.830071258544922,12.053815937042236,0.1226569652557373,0,0,0,0,0,0,0,0,0,0,0,0.0,stand+RCA+kNN,digits6
224,Cascading:low >= high,32,0,7,1000,0,0,0,0,0,0,0,0,0,0,0.0,1.8382412195205688,12.073210954666138,0.1226569652557373,0,0,0,0,0,0,0,0,0,0,0,0.0,stand+RCA+kNN,digits6
225,"Input contains NaN, infinity or a value too large for dtype('float64').",32,0,10,10,0,0,0,0,0,0,0,0,0,0,0.0,1.8464111804962158,12.086156296730042,0.12447326183319092,0,0,0,0,0,0,0,0,0,0,0,0.0,stand+RCA+kNN,digits6
226,"Input contains NaN, infinity or a value too large for dtype('float64').",32,0,10,50,0,0,0,0,0,0,0,0,0,0,0.0,1.8545811414718627,12.144338417053223,0.1259906768798828,0,0,0,0,0,0,0,0,0,0,0,0.0,stand+RCA+kNN,digits6
227,Cascading:low >= high,32,0,10,100,0,0,0,0,0,0,0,0,0,0,0.0,1.8627511024475099,12.163589596748352,0.1259906768798828,0,0,0,0,0,0,0,0,0,0,0,0.0,stand+RCA+kNN,digits6
228,Cascading:low >= high,32,0,10,500,0,0,0,0,0,0,0,0,0,0,0.0,1.8709210634231568,12.175885462760926,0.1259906768798828,0,0,0,0,0,0,0,0,0,0,0,0.0,stand+RCA+kNN,digits6
229,Cascading:low >= high,32,0,10,1000,0,0,0,0,0,0,0,0,0,0,0.0,1.8790910243988037,12.184982514381408,0.1259906768798828,0,0,0,0,0,0,0,0,0,0,0,0.0,stand+RCA+kNN,digits6
230,"Input contains NaN, infinity or a value too large for dtype('float64').",32,0,16,10,0,0,0,0,0,0,0,0,0,0,0.0,1.8872609853744506,12.220333862304688,0.12682738304138183,0,0,0,0,0,0,0,0,0,0,0,0.0,stand+RCA+kNN,digits6
231,"Input contains NaN, infinity or a value too large for dtype('float64').",32,0,16,50,0,0,0,0,0,0,0,0,0,0,0.0,1.8954309463500976,12.2479807138443,0.12705819606781005,0,0,0,0,0,0,0,0,0,0,0,0.0,stand+RCA+kNN,digits6
232,Cascading:low >= high,32,0,16,100,0,0,0,0,0,0,0,0,0,0,0.0,1.9036009073257447,12.260587358474732,0.12705819606781005,0,0,0,0,0,0,0,0,0,0,0,0.0,stand+RCA+kNN,digits6
233,Cascading:low >= high,32,0,16,500,0,0,0,0,0,0,0,0,0,0,0.0,1.9117708683013916,12.270558953285217,0.12705819606781005,0,0,0,0,0,0,0,0,0,0,0,0.0,stand+RCA+kNN,digits6
234,Cascading:low >= high,32,0,16,1000,0,0,0,0,0,0,0,0,0,0,0.0,1.9199408292770386,12.276780366897583,0.12705819606781005,0,0,0,0,0,0,0,0,0,0,0,0.0,stand+RCA+kNN,digits6
235,"Input contains NaN, infinity or a value too large for dtype('float64').",32,0,32,10,0,0,0,0,0,0,0,0,0,0,0.0,1.9281107902526855,12.30084948539734,0.1278459310531616,0,0,0,0,0,0,0,0,0,0,0,0.0,stand+RCA+kNN,digits6
236,Cascading:low >= high,32,0,32,50,0,0,0,0,0,0,0,0,0,0,0.0,1.9362807512283324,12.314877557754517,0.1278459310531616,0,0,0,0,0,0,0,0,0,0,0,0.0,stand+RCA+kNN,digits6
237,Cascading:low >= high,32,0,32,100,0,0,0,0,0,0,0,0,0,0,0.0,1.9444507122039796,12.32033839225769,0.1278459310531616,0,0,0,0,0,0,0,0,0,0,0,0.0,stand+RCA+kNN,digits6
238,Cascading:low >= high,32,0,32,500,0,0,0,0,0,0,0,0,0,0,0.0,1.9526206731796265,12.324174404144287,0.1278459310531616,0,0,0,0,0,0,0,0,0,0,0,0.0,stand+RCA+kNN,digits6
239,Cascading:low >= high,32,0,32,1000,0,0,0,0,0,0,0,0,0,0,0.0,1.9607906341552734,12.328014850616455,0.1278459310531616,0,0,0,0,0,0,0,0,0,0,0,0.0,stand+RCA+kNN,digits6
240,"Input contains NaN, infinity or a value too large for dtype('float64').",64,0,1,10,0,0,0,0,0,0,0,0,0,0,0.0,1.9689605951309204,12.491507601737975,0.1286393642425537,0,0,0,0,0,0,0,0,0,0,0,0.0,stand+RCA+kNN,digits6
241,"Input contains NaN, infinity or a value too large for dtype('float64').",64,0,1,50,0,0,0,0,0,0,0,0,0,0,0.0,1.9771305561065673,12.536363863945008,0.12942569255828856,0,0,0,0,0,0,0,0,0,0,0,0.0,stand+RCA+kNN,digits6
242,"Input contains NaN, infinity or a value too large for dtype('float64').",64,0,1,100,0,0,0,0,0,0,0,0,0,0,0.0,1.9853005170822144,12.598638010025024,0.13021578788757324,0,0,0,0,0,0,0,0,0,0,0,0.0,stand+RCA+kNN,digits6
243,"Input contains NaN, infinity or a value too large for dtype('float64').",64,0,1,500,0,0,0,0,0,0,0,0,0,0,0.0,1.9934704780578614,12.869531059265137,0.13103122711181642,0,0,0,0,0,0,0,0,0,0,0,0.0,stand+RCA+kNN,digits6
244,Cascading:low >= high,64,0,1,1000,0,0,0,0,0,0,0,0,0,0,0.0,2.0016404390335083,13.069183349609375,0.13103122711181642,0,0,0,0,0,0,0,0,0,0,0,0.0,stand+RCA+kNN,digits6
245,"Input contains NaN, infinity or a value too large for dtype('float64').",64,0,2,10,0,0,0,0,0,0,0,0,0,0,0.0,2.0098104000091555,13.090838265419006,0.13183164596557617,0,0,0,0,0,0,0,0,0,0,0,0.0,stand+RCA+kNN,digits6
246,"Input contains NaN, infinity or a value too large for dtype('float64').",64,0,2,50,0,0,0,0,0,0,0,0,0,0,0.0,2.017980360984802,13.14286208152771,0.13261702060699462,0,0,0,0,0,0,0,0,0,0,0,0.0,stand+RCA+kNN,digits6
247,"Input contains NaN, infinity or a value too large for dtype('float64').",64,0,2,100,0,0,0,0,0,0,0,0,0,0,0.0,2.0261503219604493,13.21334617137909,0.13339698314666748,0,0,0,0,0,0,0,0,0,0,0,0.0,stand+RCA+kNN,digits6
248,Cascading:low >= high,64,0,2,500,0,0,0,0,0,0,0,0,0,0,0.0,2.034320282936096,13.28497142791748,0.13339698314666748,0,0,0,0,0,0,0,0,0,0,0,0.0,stand+RCA+kNN,digits6
249,Cascading:low >= high,64,0,2,1000,0,0,0,0,0,0,0,0,0,0,0.0,2.042490243911743,13.329562902450562,0.13339698314666748,0,0,0,0,0,0,0,0,0,0,0,0.0,stand+RCA+kNN,digits6
250,"Input contains NaN, infinity or a value too large for dtype('float64').",64,0,3,10,0,0,0,0,0,0,0,0,0,0,0.0,2.0506602048873903,13.384174227714539,0.13419899940490723,0,0,0,0,0,0,0,0,0,0,0,0.0,stand+RCA+kNN,digits6
251,"Input contains NaN, infinity or a value too large for dtype('float64').",64,0,3,50,0,0,0,0,0,0,0,0,0,0,0.0,2.058830165863037,13.432440495491027,0.13497154712677,0,0,0,0,0,0,0,0,0,0,0,0.0,stand+RCA+kNN,digits6
252,"Input contains NaN, infinity or a value too large for dtype('float64').",64,0,3,100,0,0,0,0,0,0,0,0,0,0,0.0,2.067000126838684,13.513166761398315,0.13574819564819335,0,0,0,0,0,0,0,0,0,0,0,0.0,stand+RCA+kNN,digits6
253,Cascading:low >= high,64,0,3,500,0,0,0,0,0,0,0,0,0,0,0.0,2.075170087814331,13.56677668094635,0.13574819564819335,0,0,0,0,0,0,0,0,0,0,0,0.0,stand+RCA+kNN,digits6
254,Cascading:low >= high,64,0,3,1000,0,0,0,0,0,0,0,0,0,0,0.0,2.083340048789978,13.599778532981873,0.13574819564819335,0,0,0,0,0,0,0,0,0,0,0,0.0,stand+RCA+kNN,digits6
255,"Input contains NaN, infinity or a value too large for dtype('float64').",64,0,5,10,0,0,0,0,0,0,0,0,0,0,0.0,2.091510009765625,13.62259213924408,0.13652253150939941,0,0,0,0,0,0,0,0,0,0,0,0.0,stand+RCA+kNN,digits6
256,"Input contains NaN, infinity or a value too large for dtype('float64').",64,0,5,50,0,0,0,0,0,0,0,0,0,0,0.0,2.099679970741272,13.717850279808044,0.13730413913726808,0,0,0,0,0,0,0,0,0,0,0,0.0,stand+RCA+kNN,digits6
257,"Input contains NaN, infinity or a value too large for dtype('float64').",64,0,5,100,0,0,0,0,0,0,0,0,0,0,0.0,2.107849931716919,13.814620161056519,0.1380781650543213,0,0,0,0,0,0,0,0,0,0,0,0.0,stand+RCA+kNN,digits6
258,Cascading:low >= high,64,0,5,500,0,0,0,0,0,0,0,0,0,0,0.0,2.1160198926925657,13.854737710952758,0.1380781650543213,0,0,0,0,0,0,0,0,0,0,0,0.0,stand+RCA+kNN,digits6
259,Cascading:low >= high,64,0,5,1000,0,0,0,0,0,0,0,0,0,0,0.0,2.124189853668213,13.87154381275177,0.1380781650543213,0,0,0,0,0,0,0,0,0,0,0,0.0,stand+RCA+kNN,digits6
260,"Input contains NaN, infinity or a value too large for dtype('float64').",64,0,7,10,0,0,0,0,0,0,0,0,0,0,0.0,2.13235981464386,13.881393218040467,0.13885788917541503,0,0,0,0,0,0,0,0,0,0,0,0.0,stand+RCA+kNN,digits6
261,"Input contains NaN, infinity or a value too large for dtype('float64').",64,0,7,50,0,0,0,0,0,0,0,0,0,0,0.0,2.1405297756195067,13.952414107322692,0.13964807987213135,0,0,0,0,0,0,0,0,0,0,0,0.0,stand+RCA+kNN,digits6
262,"Input contains NaN, infinity or a value too large for dtype('float64').",64,0,7,100,0,0,0,0,0,0,0,0,0,0,0.0,2.148699736595154,14.072686338424683,0.1404285430908203,0,0,0,0,0,0,0,0,0,0,0,0.0,stand+RCA+kNN,digits6
263,Cascading:low >= high,64,0,7,500,0,0,0,0,0,0,0,0,0,0,0.0,2.1568696975708006,14.108485078811645,0.1404285430908203,0,0,0,0,0,0,0,0,0,0,0,0.0,stand+RCA+kNN,digits6
264,Cascading:low >= high,64,0,7,1000,0,0,0,0,0,0,0,0,0,0,0.0,2.1650396585464478,14.127880096435547,0.1404285430908203,0,0,0,0,0,0,0,0,0,0,0,0.0,stand+RCA+kNN,digits6
265,"Input contains NaN, infinity or a value too large for dtype('float64').",64,0,10,10,0,0,0,0,0,0,0,0,0,0,0.0,2.173209619522095,14.140825438499451,0.1412449598312378,0,0,0,0,0,0,0,0,0,0,0,0.0,stand+RCA+kNN,digits6
266,"Input contains NaN, infinity or a value too large for dtype('float64').",64,0,10,50,0,0,0,0,0,0,0,0,0,0,0.0,2.1813795804977416,14.199007558822633,0.14205405712127686,0,0,0,0,0,0,0,0,0,0,0,0.0,stand+RCA+kNN,digits6
267,Cascading:low >= high,64,0,10,100,0,0,0,0,0,0,0,0,0,0,0.0,2.1895495414733888,14.218258738517761,0.14205405712127686,0,0,0,0,0,0,0,0,0,0,0,0.0,stand+RCA+kNN,digits6
268,Cascading:low >= high,64,0,10,500,0,0,0,0,0,0,0,0,0,0,0.0,2.1977195024490355,14.230554604530335,0.14205405712127686,0,0,0,0,0,0,0,0,0,0,0,0.0,stand+RCA+kNN,digits6
269,Cascading:low >= high,64,0,10,1000,0,0,0,0,0,0,0,0,0,0,0.0,2.2058894634246826,14.239651656150818,0.14205405712127686,0,0,0,0,0,0,0,0,0,0,0,0.0,stand+RCA+kNN,digits6
270,"Input contains NaN, infinity or a value too large for dtype('float64').",64,0,16,10,0,0,0,0,0,0,0,0,0,0,0.0,2.2140594244003298,14.275003004074097,0.14285717010498047,0,0,0,0,0,0,0,0,0,0,0,0.0,stand+RCA+kNN,digits6
271,"Input contains NaN, infinity or a value too large for dtype('float64').",64,0,16,50,0,0,0,0,0,0,0,0,0,0,0.0,2.2222293853759765,14.302649855613708,0.1430971384048462,0,0,0,0,0,0,0,0,0,0,0,0.0,stand+RCA+kNN,digits6
272,Cascading:low >= high,64,0,16,100,0,0,0,0,0,0,0,0,0,0,0.0,2.2303993463516236,14.315256500244141,0.1430971384048462,0,0,0,0,0,0,0,0,0,0,0,0.0,stand+RCA+kNN,digits6
273,Cascading:low >= high,64,0,16,500,0,0,0,0,0,0,0,0,0,0,0.0,2.2385693073272703,14.325228095054626,0.1430971384048462,0,0,0,0,0,0,0,0,0,0,0,0.0,stand+RCA+kNN,digits6
274,Cascading:low >= high,64,0,16,1000,0,0,0,0,0,0,0,0,0,0,0.0,2.2467392683029175,14.331449508666992,0.1430971384048462,0,0,0,0,0,0,0,0,0,0,0,0.0,stand+RCA+kNN,digits6
275,"Input contains NaN, infinity or a value too large for dtype('float64').",64,0,32,10,0,0,0,0,0,0,0,0,0,0,0.0,2.2549092292785646,14.355518627166749,0.1438913106918335,0,0,0,0,0,0,0,0,0,0,0,0.0,stand+RCA+kNN,digits6
276,Cascading:low >= high,64,0,32,50,0,0,0,0,0,0,0,0,0,0,0.0,2.2630791902542113,14.369546699523926,0.1438913106918335,0,0,0,0,0,0,0,0,0,0,0,0.0,stand+RCA+kNN,digits6
277,Cascading:low >= high,64,0,32,100,0,0,0,0,0,0,0,0,0,0,0.0,2.2712491512298585,14.3750075340271,0.1438913106918335,0,0,0,0,0,0,0,0,0,0,0,0.0,stand+RCA+kNN,digits6
278,Cascading:low >= high,64,0,32,500,0,0,0,0,0,0,0,0,0,0,0.0,2.279419112205505,14.378843545913696,0.1438913106918335,0,0,0,0,0,0,0,0,0,0,0,0.0,stand+RCA+kNN,digits6
279,Cascading:low >= high,64,0,32,1000,0,0,0,0,0,0,0,0,0,0,0.0,2.2875890731811523,14.382683992385864,0.1438913106918335,0,0,0,0,0,0,0,0,0,0,0,0.0,stand+RCA+kNN,digits6
280,"Input contains NaN, infinity or a value too large for dtype('float64').",128,0,1,10,0,0,0,0,0,0,0,0,0,0,0.0,2.2957590341567995,14.546176743507385,0.144698166847229,0,0,0,0,0,0,0,0,0,0,0,0.0,stand+RCA+kNN,digits6
281,"Input contains NaN, infinity or a value too large for dtype('float64').",128,0,1,50,0,0,0,0,0,0,0,0,0,0,0.0,2.303928995132446,14.591033005714417,0.1455228805541992,0,0,0,0,0,0,0,0,0,0,0,0.0,stand+RCA+kNN,digits6
282,"Input contains NaN, infinity or a value too large for dtype('float64').",128,0,1,100,0,0,0,0,0,0,0,0,0,0,0.0,2.3120989561080934,14.653307151794433,0.14631636142730714,0,0,0,0,0,0,0,0,0,0,0,0.0,stand+RCA+kNN,digits6
283,"Input contains NaN, infinity or a value too large for dtype('float64').",128,0,1,500,0,0,0,0,0,0,0,0,0,0,0.0,2.32026891708374,14.924200201034546,0.1474513292312622,0,0,0,0,0,0,0,0,0,0,0,0.0,stand+RCA+kNN,digits6
284,Cascading:low >= high,128,0,1,1000,0,0,0,0,0,0,0,0,0,0,0.0,2.328438878059387,15.123852491378784,0.1474513292312622,0,0,0,0,0,0,0,0,0,0,0,0.0,stand+RCA+kNN,digits6
285,"Input contains NaN, infinity or a value too large for dtype('float64').",128,0,2,10,0,0,0,0,0,0,0,0,0,0,0.0,2.3366088390350344,15.145507407188415,0.14832231998443604,0,0,0,0,0,0,0,0,0,0,0,0.0,stand+RCA+kNN,digits6
286,"Input contains NaN, infinity or a value too large for dtype('float64').",128,0,2,50,0,0,0,0,0,0,0,0,0,0,0.0,2.344778800010681,15.19753122329712,0.14922235012054444,0,0,0,0,0,0,0,0,0,0,0,0.0,stand+RCA+kNN,digits6
287,"Input contains NaN, infinity or a value too large for dtype('float64').",128,0,2,100,0,0,0,0,0,0,0,0,0,0,0.0,2.352948760986328,15.2680153131485,0.1500981330871582,0,0,0,0,0,0,0,0,0,0,0,0.0,stand+RCA+kNN,digits6
288,Cascading:low >= high,128,0,2,500,0,0,0,0,0,0,0,0,0,0,0.0,2.361118721961975,15.339640569686889,0.1500981330871582,0,0,0,0,0,0,0,0,0,0,0,0.0,stand+RCA+kNN,digits6
289,Cascading:low >= high,128,0,2,1000,0,0,0,0,0,0,0,0,0,0,0.0,2.369288682937622,15.38423204421997,0.1500981330871582,0,0,0,0,0,0,0,0,0,0,0,0.0,stand+RCA+kNN,digits6
290,"Input contains NaN, infinity or a value too large for dtype('float64').",128,0,3,10,0,0,0,0,0,0,0,0,0,0,0.0,2.377458643913269,15.438843369483948,0.15098848342895507,0,0,0,0,0,0,0,0,0,0,0,0.0,stand+RCA+kNN,digits6
291,"Input contains NaN, infinity or a value too large for dtype('float64').",128,0,3,50,0,0,0,0,0,0,0,0,0,0,0.0,2.385628604888916,15.487109637260437,0.15189623832702637,0,0,0,0,0,0,0,0,0,0,0,0.0,stand+RCA+kNN,digits6
292,"Input contains NaN, infinity or a value too large for dtype('float64').",128,0,3,100,0,0,0,0,0,0,0,0,0,0,0.0,2.393798565864563,15.567835903167724,0.1527867317199707,0,0,0,0,0,0,0,0,0,0,0,0.0,stand+RCA+kNN,digits6
293,Cascading:low >= high,128,0,3,500,0,0,0,0,0,0,0,0,0,0,0.0,2.40196852684021,15.62144582271576,0.1527867317199707,0,0,0,0,0,0,0,0,0,0,0,0.0,stand+RCA+kNN,digits6
294,Cascading:low >= high,128,0,3,1000,0,0,0,0,0,0,0,0,0,0,0.0,2.410138487815857,15.654447674751282,0.1527867317199707,0,0,0,0,0,0,0,0,0,0,0,0.0,stand+RCA+kNN,digits6
295,"Input contains NaN, infinity or a value too large for dtype('float64').",128,0,5,10,0,0,0,0,0,0,0,0,0,0,0.0,2.418308448791504,15.67726128101349,0.15367822647094725,0,0,0,0,0,0,0,0,0,0,0,0.0,stand+RCA+kNN,digits6
296,"Input contains NaN, infinity or a value too large for dtype('float64').",128,0,5,50,0,0,0,0,0,0,0,0,0,0,0.0,2.426478409767151,15.772519421577453,0.15462977886199952,0,0,0,0,0,0,0,0,0,0,0,0.0,stand+RCA+kNN,digits6
297,"Input contains NaN, infinity or a value too large for dtype('float64').",128,0,5,100,0,0,0,0,0,0,0,0,0,0,0.0,2.434648370742798,15.869289302825928,0.15553643703460693,0,0,0,0,0,0,0,0,0,0,0,0.0,stand+RCA+kNN,digits6
298,Cascading:low >= high,128,0,5,500,0,0,0,0,0,0,0,0,0,0,0.0,2.4428183317184446,15.909406852722167,0.15553643703460693,0,0,0,0,0,0,0,0,0,0,0,0.0,stand+RCA+kNN,digits6
299,Cascading:low >= high,128,0,5,1000,0,0,0,0,0,0,0,0,0,0,0.0,2.450988292694092,15.92621295452118,0.15553643703460693,0,0,0,0,0,0,0,0,0,0,0,0.0,stand+RCA+kNN,digits6
300,"Input contains NaN, infinity or a value too large for dtype('float64').",128,0,7,10,0,0,0,0,0,0,0,0,0,0,0.0,2.459158253669739,15.936062359809876,0.1565093755722046,0,0,0,0,0,0,0,0,0,0,0,0.0,stand+RCA+kNN,digits6
301,"Input contains NaN, infinity or a value too large for dtype('float64').",128,0,7,50,0,0,0,0,0,0,0,0,0,0,0.0,2.4673282146453857,16.0070832490921,0.15750648975372314,0,0,0,0,0,0,0,0,0,0,0,0.0,stand+RCA+kNN,digits6
302,"Input contains NaN, infinity or a value too large for dtype('float64').",128,0,7,100,0,0,0,0,0,0,0,0,0,0,0.0,2.475498175621033,16.12735548019409,0.15839381217956544,0,0,0,0,0,0,0,0,0,0,0,0.0,stand+RCA+kNN,digits6
303,Cascading:low >= high,128,0,7,500,0,0,0,0,0,0,0,0,0,0,0.0,2.4836681365966795,16.163154220581056,0.15839381217956544,0,0,0,0,0,0,0,0,0,0,0,0.0,stand+RCA+kNN,digits6
304,Cascading:low >= high,128,0,7,1000,0,0,0,0,0,0,0,0,0,0,0.0,2.4918380975723267,16.182549238204956,0.15839381217956544,0,0,0,0,0,0,0,0,0,0,0,0.0,stand+RCA+kNN,digits6
305,"Input contains NaN, infinity or a value too large for dtype('float64').",128,0,10,10,0,0,0,0,0,0,0,0,0,0,0.0,2.500008058547974,16.19549458026886,0.159277081489563,0,0,0,0,0,0,0,0,0,0,0,0.0,stand+RCA+kNN,digits6
306,"Input contains NaN, infinity or a value too large for dtype('float64').",128,0,10,50,0,0,0,0,0,0,0,0,0,0,0.0,2.5081780195236205,16.25367670059204,0.16073577404022216,0,0,0,0,0,0,0,0,0,0,0,0.0,stand+RCA+kNN,digits6
307,Cascading:low >= high,128,0,10,100,0,0,0,0,0,0,0,0,0,0,0.0,2.5163479804992677,16.27292788028717,0.16073577404022216,0,0,0,0,0,0,0,0,0,0,0,0.0,stand+RCA+kNN,digits6
308,Cascading:low >= high,128,0,10,500,0,0,0,0,0,0,0,0,0,0,0.0,2.5245179414749144,16.285223746299742,0.16073577404022216,0,0,0,0,0,0,0,0,0,0,0,0.0,stand+RCA+kNN,digits6
309,Cascading:low >= high,128,0,10,1000,0,0,0,0,0,0,0,0,0,0,0.0,2.5326879024505615,16.29432079792023,0.16073577404022216,0,0,0,0,0,0,0,0,0,0,0,0.0,stand+RCA+kNN,digits6
310,"Input contains NaN, infinity or a value too large for dtype('float64').",128,0,16,10,0,0,0,0,0,0,0,0,0,0,0.0,2.5408578634262087,16.329672145843507,0.1627535343170166,0,0,0,0,0,0,0,0,0,0,0,0.0,stand+RCA+kNN,digits6
311,"Input contains NaN, infinity or a value too large for dtype('float64').",128,0,16,50,0,0,0,0,0,0,0,0,0,0,0.0,2.5490278244018554,16.357318997383118,0.16333308219909667,0,0,0,0,0,0,0,0,0,0,0,0.0,stand+RCA+kNN,digits6
312,Cascading:low >= high,128,0,16,100,0,0,0,0,0,0,0,0,0,0,0.0,2.5571977853775025,16.36992564201355,0.16333308219909667,0,0,0,0,0,0,0,0,0,0,0,0.0,stand+RCA+kNN,digits6
313,Cascading:low >= high,128,0,16,500,0,0,0,0,0,0,0,0,0,0,0.0,2.5653677463531492,16.379897236824036,0.16333308219909667,0,0,0,0,0,0,0,0,0,0,0,0.0,stand+RCA+kNN,digits6
314,Cascading:low >= high,128,0,16,1000,0,0,0,0,0,0,0,0,0,0,0.0,2.5735377073287964,16.3861186504364,0.16333308219909667,0,0,0,0,0,0,0,0,0,0,0,0.0,stand+RCA+kNN,digits6
315,"Input contains NaN, infinity or a value too large for dtype('float64').",128,0,32,10,0,0,0,0,0,0,0,0,0,0,0.0,2.5817076683044435,16.410187768936158,0.16544053554534913,0,0,0,0,0,0,0,0,0,0,0,0.0,stand+RCA+kNN,digits6
316,Cascading:low >= high,128,0,32,50,0,0,0,0,0,0,0,0,0,0,0.0,2.5898776292800902,16.424215841293336,0.16544053554534913,0,0,0,0,0,0,0,0,0,0,0,0.0,stand+RCA+kNN,digits6
317,Cascading:low >= high,128,0,32,100,0,0,0,0,0,0,0,0,0,0,0.0,2.5980475902557374,16.429676675796507,0.16544053554534913,0,0,0,0,0,0,0,0,0,0,0,0.0,stand+RCA+kNN,digits6
318,Cascading:low >= high,128,0,32,500,0,0,0,0,0,0,0,0,0,0,0.0,2.606217551231384,16.433512687683105,0.16544053554534913,0,0,0,0,0,0,0,0,0,0,0,0.0,stand+RCA+kNN,digits6
319,Cascading:low >= high,128,0,32,1000,0,0,0,0,0,0,0,0,0,0,0.0,2.6143875122070312,16.437353134155273,0.16544053554534913,0,0,0,0,0,0,0,0,0,0,0,0.0,stand+RCA+kNN,digits6
